No,Title,Link,Tags,Acceptance,Difficulty,Frequency
487,Max Consecutive Ones II,https://leetcode.com/problems/max-consecutive-ones-ii/description/,[Array][Dynamic Programming][Sliding Window],50.3%,Medium,0
1122,Relative Sort Array,https://leetcode.com/problems/relative-sort-array/description/,[Array][Hash Table][Sorting][Counting Sort],68.9%,Easy,0
146,LRU Cache,https://leetcode.com/problems/lru-cache/description/,[Hash Table][Linked List][Design][Doubly-Linked List],42.2%,Medium,0
796,Rotate String,https://leetcode.com/problems/rotate-string/description/,[String][String Matching],57.7%,Easy,0
295,Find Median from Data Stream,https://leetcode.com/problems/find-median-from-data-stream/description/,[Two Pointers][Design][Sorting][Heap (Priority Queue)][Data Stream],51.8%,Hard,0
25,Reverse Nodes in k-Group,https://leetcode.com/problems/reverse-nodes-in-k-group/description/,[Linked List][Recursion],58.1%,Hard,0
509,Fibonacci Number,https://leetcode.com/problems/fibonacci-number/description/,[Math][Dynamic Programming][Recursion][Memoization],70.8%,Easy,0
23,Merge k Sorted Lists,https://leetcode.com/problems/merge-k-sorted-lists/description/,[Linked List][Divide and Conquer][Heap (Priority Queue)][Merge Sort],52.2%,Hard,0
49,Group Anagrams,https://leetcode.com/problems/group-anagrams/description/,[Array][Hash Table][String][Sorting],68.2%,Medium,0
1,Two Sum,https://leetcode.com/problems/two-sum/description/,[Array][Hash Table],52.0%,Easy,0
