Tag,Appearance
Array,75
String,44
Hash Table,36
Dynamic Programming,31
Math,24
Sorting,21
Breadth-First Search,19
Stack,19
Depth-First Search,17
Two Pointers,17
Tree,16
Linked List,15
Binary Tree,14
Binary Search,14
Greedy,13
Matrix,12
Backtracking,12
Design,11
Heap (Priority Queue),10
Recursion,9
Monotonic Stack,8
Prefix Sum,6
Divide and Conquer,6
Sliding Window,5
Simulation,5
Trie,5
Memoization,5
Binary Search Tree,4
Union Find,4
Queue,4
Ordered Set,3
Graph,3
Bit Manipulation,3
Doubly-Linked List,2
Monotonic Queue,2
Counting,2
Topological Sort,2
Quickselect,2
Hash Function,1
Interactive,1
Geometry,1
Data Stream,1
Bucket Sort,1
Database,1
Merge Sort,1
String Matching,1
Combinatorics,1
